Folder,Filename,Website Section,Recommended Spec
/assets/img/conditions,age-and-regeneration-hero.webp,Conditions (General) > hero,1920 x 1080 px (16:9)
/assets/img/conditions,age-and-regeneration-sub-condition-thumb.webp,Conditions (General) > subConditions,800 x 600 px (4:3)
/assets/img/conditions,body-skin-laxity-hero.webp,Conditions (Individual) > hero,1920 x 1080 px (16:9)
/assets/img/conditions,body-skin-structural-hero.webp,Conditions (General) > hero,1920 x 1080 px (16:9)
/assets/img/conditions,body-skin-structural-sub-condition-thumb.webp,Conditions (General) > subConditions,800 x 600 px (4:3)
/assets/img/conditions,cellulite-hero.webp,Conditions (Individual) > hero,1920 x 1080 px (16:9)
/assets/img/conditions,crepey-skin-hero.webp,Conditions (Individual) > hero,1920 x 1080 px (16:9)
/assets/img/conditions,crepey-under-eye-hero.webp,Conditions (Individual) > hero,1920 x 1080 px (16:9)
/assets/img/conditions,dark-circles-hero.webp,Conditions (Individual) > hero,1920 x 1080 px (16:9)
/assets/img/conditions,dryness-sensitivity-hero.webp,Conditions (Individual) > hero,1920 x 1080 px (16:9)
/assets/img/conditions,dull-dehydrated-skin-hero.webp,Conditions (Individual) > hero,1920 x 1080 px (16:9)
/assets/img/conditions,enlarged-pores-hero.webp,Conditions (Individual) > hero,1920 x 1080 px (16:9)
/assets/img/conditions,eye-area-hero.webp,Conditions (General) > hero,1920 x 1080 px (16:9)
/assets/img/conditions,eye-area-sub-condition-thumb.webp,Conditions (General) > subConditions,800 x 600 px (4:3)
/assets/img/conditions,fatigue-low-energy-hero.webp,Conditions (Individual) > hero,1920 x 1080 px (16:9)
/assets/img/conditions,fine-lines-wrinkles-hero.webp,Conditions (Individual) > hero,1920 x 1080 px (16:9)
/assets/img/conditions,hormonal-breakouts-hero.webp,Conditions (Individual) > hero,1920 x 1080 px (16:9)
/assets/img/conditions,hormonal-pigmentation-hero.webp,Conditions (Individual) > hero,1920 x 1080 px (16:9)
/assets/img/conditions,hormonal-skin-hero.webp,Conditions (General) > hero,1920 x 1080 px (16:9)
/assets/img/conditions,hormonal-skin-sub-condition-thumb.webp,Conditions (General) > subConditions,800 x 600 px (4:3)
/assets/img/conditions,hyperpigmentation-hero.webp,Conditions (Individual) > hero,1920 x 1080 px (16:9)
/assets/img/conditions,internal-wellness-hero.webp,Conditions (General) > hero,1920 x 1080 px (16:9)
/assets/img/conditions,internal-wellness-sub-condition-thumb.webp,Conditions (General) > subConditions,800 x 600 px (4:3)
/assets/img/conditions,jawline-softening-hero.webp,Conditions (Individual) > hero,1920 x 1080 px (16:9)
/assets/img/conditions,loss-of-definition-hero.webp,Conditions (Individual) > hero,1920 x 1080 px (16:9)
/assets/img/conditions,low-immunity-hero.webp,Conditions (Individual) > hero,1920 x 1080 px (16:9)
/assets/img/conditions,melasma-hero.webp,Conditions (Individual) > hero,1920 x 1080 px (16:9)
/assets/img/conditions,menopause-hormone-skin-changes-hero.webp,Conditions (General) > hero,1920 x 1080 px (16:9)
/assets/img/conditions,menopause-hormone-skin-changes-sub-condition-thumb.webp,Conditions (General) > subConditions,800 x 600 px (4:3)
/assets/img/conditions,menopause-skin-decline-hero.webp,Conditions (Individual) > hero,1920 x 1080 px (16:9)
/assets/img/conditions,neck-crepiness-hero.webp,Conditions (Individual) > hero,1920 x 1080 px (16:9)
/assets/img/conditions,nutrient-deficiency-skin-hero.webp,Conditions (Individual) > hero,1920 x 1080 px (16:9)
/assets/img/conditions,pigmentation-and-skin-tone-hero.webp,Conditions (General) > hero,1920 x 1080 px (16:9)
/assets/img/conditions,pigmentation-and-skin-tone-sub-condition-thumb.webp,Conditions (General) > subConditions,800 x 600 px (4:3)
/assets/img/conditions,post-inflammatory-hyperpigmentation-hero.webp,Conditions (Individual) > hero,1920 x 1080 px (16:9)
/assets/img/conditions,post-weightloss-postpartum-hero.webp,Conditions (Individual) > hero,1920 x 1080 px (16:9)
/assets/img/conditions,skin-laxity-hero.webp,Conditions (Individual) > hero,1920 x 1080 px (16:9)
/assets/img/conditions,slow-metabolism-hero.webp,Conditions (Individual) > hero,1920 x 1080 px (16:9)
/assets/img/conditions,stress-inflammation-hero.webp,Conditions (Individual) > hero,1920 x 1080 px (16:9)
/assets/img/conditions,stretch-marks-hero.webp,Conditions (Individual) > hero,1920 x 1080 px (16:9)
/assets/img/conditions,tear-troughs-hero.webp,Conditions (Individual) > hero,1920 x 1080 px (16:9)
/assets/img/conditions,texture-decline-hero.webp,Conditions (Individual) > hero,1920 x 1080 px (16:9)
/assets/img/conditions,under-eye-pigmentation-hero.webp,Conditions (Individual) > hero,1920 x 1080 px (16:9)
/assets/img/conditions,under-eye-puffiness-hero.webp,Conditions (Individual) > hero,1920 x 1080 px (16:9)
/assets/img/conditions,uneven-skin-tone-hero.webp,Conditions (Individual) > hero,1920 x 1080 px (16:9)
/assets/img/conditions,uneven-texture-hero.webp,Conditions (Individual) > hero,1920 x 1080 px (16:9)
/assets/img/conditions,volume-loss-hero.webp,Conditions (Individual) > hero,1920 x 1080 px (16:9)
/assets/img/conditions/age-and-regeneration,pathway_1.jpg,Conditions (General) > pathways,1200 x 800 px (Standard Web)
/assets/img/conditions/age-and-regeneration,pathway_2.jpg,Conditions (General) > pathways,1200 x 800 px (Standard Web)
/assets/img/conditions/body-skin-structural,pathway_1.jpg,Conditions (General) > pathways,1200 x 800 px (Standard Web)
/assets/img/conditions/body-skin-structural,pathway_2.jpg,Conditions (General) > pathways,1200 x 800 px (Standard Web)
/assets/img/conditions/body-skin-structural,pathway_3.jpg,Conditions (General) > pathways,1200 x 800 px (Standard Web)
/assets/img/conditions/body-skin-structural,pathway_4.jpg,Conditions (General) > pathways,1200 x 800 px (Standard Web)
/assets/img/conditions/eye-area,pathway_1.jpg,Conditions (General) > pathways,1200 x 800 px (Standard Web)
/assets/img/conditions/eye-area,pathway_2.jpg,Conditions (General) > pathways,1200 x 800 px (Standard Web)
/assets/img/conditions/eye-area,pathway_3.jpg,Conditions (General) > pathways,1200 x 800 px (Standard Web)
/assets/img/conditions/eye-area,pathway_4.jpg,Conditions (General) > pathways,1200 x 800 px (Standard Web)
/assets/img/conditions/hormonal-skin,pathway_1.jpg,Conditions (General) > pathways,1200 x 800 px (Standard Web)
/assets/img/conditions/hormonal-skin,pathway_2.jpg,Conditions (General) > pathways,1200 x 800 px (Standard Web)
/assets/img/conditions/hormonal-skin,pathway_3.jpg,Conditions (General) > pathways,1200 x 800 px (Standard Web)
/assets/img/conditions/hormonal-skin,pathway_4.jpg,Conditions (General) > pathways,1200 x 800 px (Standard Web)
/assets/img/conditions/internal-wellness,pathway_1.jpg,Conditions (General) > pathways,1200 x 800 px (Standard Web)
/assets/img/conditions/internal-wellness,pathway_2.jpg,Conditions (General) > pathways,1200 x 800 px (Standard Web)
/assets/img/conditions/internal-wellness,pathway_3.jpg,Conditions (General) > pathways,1200 x 800 px (Standard Web)
/assets/img/conditions/landing,age_skin_regeneration.jpg,Conditions (Landing) > categories,1200 x 800 px (Standard Web)
/assets/img/conditions/landing,body_skin_structural.jpg,Conditions (Landing) > categories,1200 x 800 px (Standard Web)
/assets/img/conditions/landing,eye_area_conditions.jpg,Conditions (Landing) > categories,1200 x 800 px (Standard Web)
/assets/img/conditions/landing,hero_conditions_landing.jpg,Conditions (Landing) > hero,1920 x 1080 px (16:9)
/assets/img/conditions/landing,hormonal_skin_conditions.jpg,Conditions (Landing) > categories,1200 x 800 px (Standard Web)
/assets/img/conditions/landing,internal_wellness.jpg,Conditions (Landing) > categories,1200 x 800 px (Standard Web)
/assets/img/conditions/landing,menopause_hormone_changes.jpg,Conditions (Landing) > categories,1200 x 800 px (Standard Web)
/assets/img/conditions/landing,pigmentation_skin_tone.jpg,Conditions (Landing) > categories,1200 x 800 px (Standard Web)
/assets/img/conditions/menopause-hormone-skin-changes,pathway_1.jpg,Conditions (General) > pathways,1200 x 800 px (Standard Web)
/assets/img/conditions/menopause-hormone-skin-changes,pathway_2.jpg,Conditions (General) > pathways,1200 x 800 px (Standard Web)
/assets/img/conditions/menopause-hormone-skin-changes,pathway_3.jpg,Conditions (General) > pathways,1200 x 800 px (Standard Web)
/assets/img/conditions/menopause-hormone-skin-changes,pathway_4.jpg,Conditions (General) > pathways,1200 x 800 px (Standard Web)
/assets/img/conditions/pigmentation-and-skin-tone,pathway_1.jpg,Conditions (General) > pathways,1200 x 800 px (Standard Web)
/assets/img/conditions/pigmentation-and-skin-tone,pathway_2.jpg,Conditions (General) > pathways,1200 x 800 px (Standard Web)
/assets/img/conditions/pigmentation-and-skin-tone,pathway_3.jpg,Conditions (General) > pathways,1200 x 800 px (Standard Web)
/assets/img/conditions/pigmentation-and-skin-tone,pathway_4.jpg,Conditions (General) > pathways,1200 x 800 px (Standard Web)
/assets/img/home,home-hero.webp,Home Page > hero,1920 x 1080 px (16:9)
/assets/img/home,introduction-main.webp,Home Page > introduction,1200 x 800 px (3:2)
/assets/img/home,radiate-pathway.webp,Home Page > pathways > radiate,1200 x 800 px (Standard Web)
/assets/img/home,refresh-pathway.webp,Home Page > pathways > refresh,1200 x 800 px (Standard Web)
/assets/img/home,renew-pathway.webp,Home Page > pathways > renew,1200 x 800 px (Standard Web)
/assets/img/home,restore-pathway.webp,Home Page > pathways > restore,1200 x 800 px (Standard Web)
/assets/img/treatments,anti-wrinkle-hero.webp,Treatments > radiate > structural-lifting > anti-wrinkle,1920 x 1080 px (16:9)
/assets/img/treatments,anti-wrinkle-introduction.webp,Treatments > radiate > structural-lifting > anti-wrinkle > introduction,1200 x 800 px (3:2)
/assets/img/treatments,barrier-repair-facial-hero.webp,Treatments > restore > skin-barrier-repair > barrier-repair-facial,1920 x 1080 px (16:9)
/assets/img/treatments,barrier-repair-facial-introduction.webp,Treatments > restore > skin-barrier-repair > barrier-repair-facial > introduction,1200 x 800 px (3:2)
/assets/img/treatments,biorepeel-hero.webp,Treatments > refresh > skin-resurfacing > biorepeel,1920 x 1080 px (16:9)
/assets/img/treatments,biorepeel-internalSupport.webp,Treatments > refresh > skin-resurfacing > biorepeel > internalSupport,1200 x 800 px (3:2)
/assets/img/treatments,biorepeel-introduction.webp,Treatments > refresh > skin-resurfacing > biorepeel > introduction,1200 x 800 px (3:2)
/assets/img/treatments,biorepeel-ulandaConnection.webp,Treatments > refresh > skin-resurfacing > biorepeel > ulandaConnection,1200 x 800 px (3:2)
/assets/img/treatments,biostimulators-hero.webp,Treatments > radiate > structural-lifting > biostimulators,1920 x 1080 px (16:9)
/assets/img/treatments,biostimulators-introduction.webp,Treatments > radiate > structural-lifting > biostimulators > introduction,1200 x 800 px (3:2)
/assets/img/treatments,biostimulators-ulandaConnection.webp,Treatments > radiate > structural-lifting > biostimulators > ulandaConnection,1200 x 800 px (3:2)
/assets/img/treatments,body-contouring-hero.webp,Treatments > renew > body-tightening > body-contouring,1920 x 1080 px (16:9)
/assets/img/treatments,body-contouring-introduction.webp,Treatments > renew > body-tightening > body-contouring > introduction,1200 x 800 px (3:2)
/assets/img/treatments,body-tightening-hero.webp,Treatments > renew > body-tightening > body-tightening,1920 x 1080 px (16:9)
/assets/img/treatments,body-tightening-internalSupport.webp,Treatments > renew > body-tightening > body-tightening > internalSupport,1200 x 800 px (3:2)
/assets/img/treatments,body-tightening-introduction.webp,Treatments > renew > body-tightening > body-tightening > introduction,1200 x 800 px (3:2)
/assets/img/treatments,body-tightening-subcategory-thumb.webp,Treatments > renew > body-tightening,800 x 600 px (4:3)
/assets/img/treatments,body-tightening-treatmentAreas.webp,Treatments > renew > body-tightening > body-tightening > treatmentAreas,1200 x 800 px (3:2)
/assets/img/treatments,chemical-peel-hero.webp,Treatments > refresh > skin-resurfacing > chemical-peel,1920 x 1080 px (16:9)
/assets/img/treatments,chemical-peel-internalSupport.webp,Treatments > refresh > skin-resurfacing > chemical-peel > internalSupport,1200 x 800 px (3:2)
/assets/img/treatments,chemical-peel-introduction.webp,Treatments > refresh > skin-resurfacing > chemical-peel > introduction,1200 x 800 px (3:2)
/assets/img/treatments,chemical-peel-ulandaConnection.webp,Treatments > refresh > skin-resurfacing > chemical-peel > ulandaConnection,1200 x 800 px (3:2)
/assets/img/treatments,collagen-reset-summary.webp,Treatments > radiate > programmes > collagen-reset > summary,1200 x 800 px (Standard Web)
/assets/img/treatments,collagen-therapy-hero.webp,Treatments > radiate > structural-lifting > collagen-therapy,1920 x 1080 px (16:9)
/assets/img/treatments,collagen-therapy-internalSupport.webp,Treatments > radiate > structural-lifting > collagen-therapy > internalSupport,1200 x 800 px (3:2)
/assets/img/treatments,collagen-therapy-introduction.webp,Treatments > radiate > structural-lifting > collagen-therapy > introduction,1200 x 800 px (3:2)
/assets/img/treatments,definisse-hydrobooster-hero.webp,Treatments > renew > skin-boosters > definisse-hydrobooster,1920 x 1080 px (16:9)
/assets/img/treatments,definisse-hydrobooster-introduction.webp,Treatments > renew > skin-boosters > definisse-hydrobooster > introduction,1200 x 800 px (3:2)
/assets/img/treatments,dermal-fillers-hero.webp,Treatments > radiate > structural-lifting > dermal-fillers,1920 x 1080 px (16:9)
/assets/img/treatments,dermal-fillers-internalSupport.webp,Treatments > radiate > structural-lifting > dermal-fillers > internalSupport,1200 x 800 px (3:2)
/assets/img/treatments,dermal-fillers-introduction.webp,Treatments > radiate > structural-lifting > dermal-fillers > introduction,1200 x 800 px (3:2)
/assets/img/treatments,dermal-fillers-treatmentAreas.webp,Treatments > radiate > structural-lifting > dermal-fillers > treatmentAreas,1200 x 800 px (3:2)
/assets/img/treatments,dermaplaning-hero.webp,Treatments > refresh > signature-facials > dermaplaning,1920 x 1080 px (16:9)
/assets/img/treatments,dermaplaning-introduction.webp,Treatments > refresh > signature-facials > dermaplaning > introduction,1200 x 800 px (3:2)
/assets/img/treatments,energy-iv-hero.webp,Treatments > radiate > wellness > energy-iv,1920 x 1080 px (16:9)
/assets/img/treatments,energy-iv-internalSupport.webp,Treatments > radiate > wellness > energy-iv > internalSupport,1200 x 800 px (3:2)
/assets/img/treatments,energy-iv-introduction.webp,Treatments > radiate > wellness > energy-iv > introduction,1200 x 800 px (3:2)
/assets/img/treatments,energy-iv-ulandaConnection.webp,Treatments > radiate > wellness > energy-iv > ulandaConnection,1200 x 800 px (3:2)
/assets/img/treatments,enzyme-therapy-hero.webp,Treatments > refresh > signature-facials > enzyme-therapy,1920 x 1080 px (16:9)
/assets/img/treatments,enzyme-therapy-internalSupport.webp,Treatments > refresh > signature-facials > enzyme-therapy > internalSupport,1200 x 800 px (3:2)
/assets/img/treatments,enzyme-therapy-introduction.webp,Treatments > refresh > signature-facials > enzyme-therapy > introduction,1200 x 800 px (3:2)
/assets/img/treatments,enzyme-therapy-ulandaConnection.webp,Treatments > refresh > signature-facials > enzyme-therapy > ulandaConnection,1200 x 800 px (3:2)
/assets/img/treatments,facial-lymphatic-drainage-hero.webp,Treatments > restore > lymphatic-support > facial-lymphatic-drainage,1920 x 1080 px (16:9)
/assets/img/treatments,facial-lymphatic-drainage-introduction.webp,Treatments > restore > lymphatic-support > facial-lymphatic-drainage > introduction,1200 x 800 px (3:2)
/assets/img/treatments,glutathione-im-hero.webp,Treatments > radiate > wellness > glutathione-im,1920 x 1080 px (16:9)
/assets/img/treatments,glutathione-im-introduction.webp,Treatments > radiate > wellness > glutathione-im > introduction,1200 x 800 px (3:2)
/assets/img/treatments,glutathione-iv-hero.webp,Treatments > radiate > wellness > glutathione-iv,1920 x 1080 px (16:9)
/assets/img/treatments,glutathione-iv-internalSupport.webp,Treatments > radiate > wellness > glutathione-iv > internalSupport,1200 x 800 px (3:2)
/assets/img/treatments,glutathione-iv-introduction.webp,Treatments > radiate > wellness > glutathione-iv > introduction,1200 x 800 px (3:2)
/assets/img/treatments,glutathione-iv-ulandaConnection.webp,Treatments > radiate > wellness > glutathione-iv > ulandaConnection,1200 x 800 px (3:2)
/assets/img/treatments,hormone-smart-skin-summary.webp,Treatments > radiate > programmes > hormone-smart-skin > summary,1200 x 800 px (Standard Web)
/assets/img/treatments,hydrafacial-hero.webp,Treatments > refresh > signature-facials > hydrafacial,1920 x 1080 px (16:9)
/assets/img/treatments,hydrafacial-introduction.webp,Treatments > refresh > signature-facials > hydrafacial > introduction,1200 x 800 px (3:2)
/assets/img/treatments,immunity-iv-hero.webp,Treatments > radiate > wellness > immunity-iv,1920 x 1080 px (16:9)
/assets/img/treatments,immunity-iv-internalSupport.webp,Treatments > radiate > wellness > immunity-iv > internalSupport,1200 x 800 px (3:2)
/assets/img/treatments,immunity-iv-introduction.webp,Treatments > radiate > wellness > immunity-iv > introduction,1200 x 800 px (3:2)
/assets/img/treatments,immunity-iv-ulandaConnection.webp,Treatments > radiate > wellness > immunity-iv > ulandaConnection,1200 x 800 px (3:2)
/assets/img/treatments,injectables-subcategory-thumb.webp,Treatments > renew > injectables,800 x 600 px (4:3)
/assets/img/treatments,jalupro-hero.webp,Treatments > renew > skin-boosters > jalupro,1920 x 1080 px (16:9)
/assets/img/treatments,jalupro-introduction.webp,Treatments > renew > skin-boosters > jalupro > introduction,1200 x 800 px (3:2)
/assets/img/treatments,jawline-sculpting-hero.webp,Treatments > radiate > structural-lifting > jawline-sculpting,1920 x 1080 px (16:9)
/assets/img/treatments,led-light-therapy-hero.webp,Treatments > refresh > light-based > led-light-therapy,1920 x 1080 px (16:9)
/assets/img/treatments,led-light-therapy-internalSupport.webp,Treatments > refresh > light-based > led-light-therapy > internalSupport,1200 x 800 px (3:2)
/assets/img/treatments,led-light-therapy-introduction.webp,Treatments > refresh > light-based > led-light-therapy > introduction,1200 x 800 px (3:2)
/assets/img/treatments,led-light-therapy-ulandaConnection.webp,Treatments > refresh > light-based > led-light-therapy > ulandaConnection,1200 x 800 px (3:2)
/assets/img/treatments,lemon-bottle-hero.webp,Treatments > renew > skin-boosters > lemon-bottle,1920 x 1080 px (16:9)
/assets/img/treatments,lemon-bottle-introduction.webp,Treatments > renew > skin-boosters > lemon-bottle > introduction,1200 x 800 px (3:2)
/assets/img/treatments,light-based-recovery-subcategory-thumb.webp,Treatments > restore > light-based-recovery,800 x 600 px (4:3)
/assets/img/treatments,light-based-subcategory-thumb.webp,Treatments > refresh > light-based,800 x 600 px (4:3)
/assets/img/treatments,lumi-eyes-hero.webp,Treatments > renew > skin-boosters > lumi-eyes,1920 x 1080 px (16:9)
/assets/img/treatments,lumi-eyes-introduction.webp,Treatments > renew > skin-boosters > lumi-eyes > introduction,1200 x 800 px (3:2)
/assets/img/treatments,lymphatic-drainage-facial-hero.webp,Treatments > refresh > signature-facials > lymphatic-drainage-facial,1920 x 1080 px (16:9)
/assets/img/treatments,lymphatic-support-subcategory-thumb.webp,Treatments > restore > lymphatic-support,800 x 600 px (4:3)
/assets/img/treatments,medical-weight-management-hero.webp,Treatments > radiate > wellness > medical-weight-management,1920 x 1080 px (16:9)
/assets/img/treatments,medical-weight-management-internalSupport.webp,Treatments > radiate > wellness > medical-weight-management > internalSupport,1200 x 800 px (3:2)
/assets/img/treatments,medical-weight-management-introduction.webp,Treatments > radiate > wellness > medical-weight-management > introduction,1200 x 800 px (3:2)
/assets/img/treatments,medical-weight-management-ulandaConnection.webp,Treatments > radiate > wellness > medical-weight-management > ulandaConnection,1200 x 800 px (3:2)
/assets/img/treatments,menopause-regeneration-summary.webp,Treatments > radiate > programmes > menopause-regeneration > summary,1200 x 800 px (Standard Web)
/assets/img/treatments,microneedling-hero.webp,Treatments > renew > microneedling > microneedling,1920 x 1080 px (16:9)
/assets/img/treatments,microneedling-introduction.webp,Treatments > renew > microneedling > microneedling > introduction,1200 x 800 px (3:2)
/assets/img/treatments,microneedling-subcategory-thumb.webp,Treatments > renew > microneedling,800 x 600 px (4:3)
/assets/img/treatments,nad-iv-hero.webp,Treatments > radiate > wellness > nad-iv,1920 x 1080 px (16:9)
/assets/img/treatments,nad-iv-internalSupport.webp,Treatments > radiate > wellness > nad-iv > internalSupport,1200 x 800 px (3:2)
/assets/img/treatments,nad-iv-introduction.webp,Treatments > radiate > wellness > nad-iv > introduction,1200 x 800 px (3:2)
/assets/img/treatments,nad-iv-ulandaConnection.webp,Treatments > radiate > wellness > nad-iv > ulandaConnection,1200 x 800 px (3:2)
/assets/img/treatments,neck-lower-face-lift-hero.webp,Treatments > radiate > structural-lifting > neck-lower-face-lift,1920 x 1080 px (16:9)
/assets/img/treatments,nucleofill-hero.webp,Treatments > renew > injectables > nucleofill,1920 x 1080 px (16:9)
/assets/img/treatments,nucleofill-introduction.webp,Treatments > renew > injectables > nucleofill > introduction,1200 x 800 px (3:2)
/assets/img/treatments,oxygen-facial-hero.webp,Treatments > restore > oxygen-healing-support > oxygen-facial,1920 x 1080 px (16:9)
/assets/img/treatments,oxygen-facial-internalSupport.webp,Treatments > restore > oxygen-healing-support > oxygen-facial > internalSupport,1200 x 800 px (3:2)
/assets/img/treatments,oxygen-facial-introduction.webp,Treatments > restore > oxygen-healing-support > oxygen-facial > introduction,1200 x 800 px (3:2)
/assets/img/treatments,oxygen-facial-ulandaConnection.webp,Treatments > restore > oxygen-healing-support > oxygen-facial > ulandaConnection,1200 x 800 px (3:2)
/assets/img/treatments,oxygen-healing-support-subcategory-thumb.webp,Treatments > restore > oxygen-healing-support,800 x 600 px (4:3)
/assets/img/treatments,oxygen-vitamin-infusion-facial-hero.webp,Treatments > refresh > signature-facials > oxygen-vitamin-infusion-facial,1920 x 1080 px (16:9)
/assets/img/treatments,oxygen-vitamin-infusion-facial-internalSupport.webp,Treatments > refresh > signature-facials > oxygen-vitamin-infusion-facial > internalSupport,1200 x 800 px (3:2)
/assets/img/treatments,oxygen-vitamin-infusion-facial-introduction.webp,Treatments > refresh > signature-facials > oxygen-vitamin-infusion-facial > introduction,1200 x 800 px (3:2)
/assets/img/treatments,oxygen-vitamin-infusion-facial-ulandaConnection.webp,Treatments > refresh > signature-facials > oxygen-vitamin-infusion-facial > ulandaConnection,1200 x 800 px (3:2)
/assets/img/treatments,page-hero.webp,Treatments > hero,1920 x 1080 px (16:9)
/assets/img/treatments,plenhyage-hero.webp,Treatments > renew > injectables > plenhyage,1920 x 1080 px (16:9)
/assets/img/treatments,plenhyage-introduction.webp,Treatments > renew > injectables > plenhyage > introduction,1200 x 800 px (3:2)
/assets/img/treatments,polynucleotides-hero.webp,Treatments > renew > injectables > polynucleotides,1920 x 1080 px (16:9)
/assets/img/treatments,polynucleotides-introduction.webp,Treatments > renew > injectables > polynucleotides > introduction,1200 x 800 px (3:2)
/assets/img/treatments,polynucleotides-ulandaConnection.webp,Treatments > renew > injectables > polynucleotides > ulandaConnection,1200 x 800 px (3:2)
/assets/img/treatments,post-procedure-recovery-facial-hero.webp,Treatments > restore > oxygen-healing-support > post-procedure-recovery-facial,1920 x 1080 px (16:9)
/assets/img/treatments,post-procedure-recovery-facial-introduction.webp,Treatments > restore > oxygen-healing-support > post-procedure-recovery-facial > introduction,1200 x 800 px (3:2)
/assets/img/treatments,profhilo-hero.webp,Treatments > renew > skin-boosters > profhilo,1920 x 1080 px (16:9)
/assets/img/treatments,profhilo-introduction.webp,Treatments > renew > skin-boosters > profhilo > introduction,1200 x 800 px (3:2)
/assets/img/treatments,profhilo-ulandaConnection.webp,Treatments > renew > skin-boosters > profhilo > ulandaConnection,1200 x 800 px (3:2)
/assets/img/treatments,programmes-subcategory-thumb.webp,Treatments > radiate > programmes,800 x 600 px (4:3)
/assets/img/treatments,prp-skin-regeneration-hero.webp,Treatments > renew > injectables > prp-skin-regeneration,1920 x 1080 px (16:9)
/assets/img/treatments,prp-skin-regeneration-introduction.webp,Treatments > renew > injectables > prp-skin-regeneration > introduction,1200 x 800 px (3:2)
/assets/img/treatments,prp-skin-regeneration-ulandaConnection.webp,Treatments > renew > injectables > prp-skin-regeneration > ulandaConnection,1200 x 800 px (3:2)
/assets/img/treatments,radiate-category-hero.webp,Treatments > radiate,1920 x 1080 px (16:9)
/assets/img/treatments,refresh-category-hero.webp,Treatments > refresh,1920 x 1080 px (16:9)
/assets/img/treatments,renew-category-hero.webp,Treatments > renew,1920 x 1080 px (16:9)
/assets/img/treatments,restore-category-hero.webp,Treatments > restore,1920 x 1080 px (16:9)
/assets/img/treatments,seventy-hyal-hero.webp,Treatments > renew > skin-boosters > seventy-hyal,1920 x 1080 px (16:9)
/assets/img/treatments,seventy-hyal-introduction.webp,Treatments > renew > skin-boosters > seventy-hyal > introduction,1200 x 800 px (3:2)
/assets/img/treatments,shape-and-regenerate-summary.webp,Treatments > radiate > programmes > shape-and-regenerate > summary,1200 x 800 px (Standard Web)
/assets/img/treatments,signature-facials-subcategory-thumb.webp,Treatments > refresh > signature-facials,800 x 600 px (4:3)
/assets/img/treatments,skin-barrier-repair-subcategory-thumb.webp,Treatments > restore > skin-barrier-repair,800 x 600 px (4:3)
/assets/img/treatments,skin-boosters-subcategory-thumb.webp,Treatments > renew > skin-boosters,800 x 600 px (4:3)
/assets/img/treatments,skin-glow-iv-hero.webp,Treatments > radiate > wellness > skin-glow-iv,1920 x 1080 px (16:9)
/assets/img/treatments,skin-glow-iv-idealFor.webp,Treatments > radiate > wellness > skin-glow-iv > idealFor,1200 x 800 px (3:2)
/assets/img/treatments,skin-glow-iv-internalSupport.webp,Treatments > radiate > wellness > skin-glow-iv > internalSupport,1200 x 800 px (3:2)
/assets/img/treatments,skin-glow-iv-introduction.webp,Treatments > radiate > wellness > skin-glow-iv > introduction,1200 x 800 px (3:2)
/assets/img/treatments,skin-glow-iv-ulandaConnection.webp,Treatments > radiate > wellness > skin-glow-iv > ulandaConnection,1200 x 800 px (3:2)
/assets/img/treatments,skin-resurfacing-subcategory-thumb.webp,Treatments > refresh > skin-resurfacing,800 x 600 px (4:3)
/assets/img/treatments,structural-lifting-subcategory-thumb.webp,Treatments > radiate > structural-lifting,800 x 600 px (4:3)
/assets/img/treatments,thread-lifts-hero.webp,Treatments > radiate > structural-lifting > thread-lifts,1920 x 1080 px (16:9)
/assets/img/treatments,under-eye-regeneration-summary.webp,Treatments > radiate > programmes > under-eye-regeneration > summary,1200 x 800 px (Standard Web)
/assets/img/treatments,vitamin-b12-im-hero.webp,Treatments > radiate > wellness > vitamin-b12-im,1920 x 1080 px (16:9)
/assets/img/treatments,vitamin-b12-im-internalSupport.webp,Treatments > radiate > wellness > vitamin-b12-im > internalSupport,1200 x 800 px (3:2)
/assets/img/treatments,vitamin-b12-im-introduction.webp,Treatments > radiate > wellness > vitamin-b12-im > introduction,1200 x 800 px (3:2)
/assets/img/treatments,vitamin-b12-im-ulandaConnection.webp,Treatments > radiate > wellness > vitamin-b12-im > ulandaConnection,1200 x 800 px (3:2)
/assets/img/treatments,vitamin-d-im-hero.webp,Treatments > radiate > wellness > vitamin-d-im,1920 x 1080 px (16:9)
/assets/img/treatments,vitamin-d-im-introduction.webp,Treatments > radiate > wellness > vitamin-d-im > introduction,1200 x 800 px (3:2)
/assets/img/treatments,wellness-subcategory-thumb.webp,Treatments > radiate > wellness,800 x 600 px (4:3)
/assets/img/treatments,womens-longevity-iv-hero.webp,Treatments > radiate > wellness > womens-longevity-iv,1920 x 1080 px (16:9)
/assets/img/treatments,womens-longevity-iv-internalSupport.webp,Treatments > radiate > wellness > womens-longevity-iv > internalSupport,1200 x 800 px (3:2)
/assets/img/treatments,womens-longevity-iv-introduction.webp,Treatments > radiate > wellness > womens-longevity-iv > introduction,1200 x 800 px (3:2)
/assets/img/treatments,womens-longevity-iv-ulandaConnection.webp,Treatments > radiate > wellness > womens-longevity-iv > ulandaConnection,1200 x 800 px (3:2)
/assets/img/ui,Logo.webp,Common / Footer > logo,Vector (SVG) or High-Res Transparent PNG
/assets/img/ui,accent.webp,Programmes,Transparent Background (Decorative)
