Type,ID,Page URL,Image Context,Current Image,Issue,Desired Dimensions (WxH px)
Blog,hormonal-skin-decline-regenerative-treatments,/blog/hormonal-skin-decline-regenerative-treatments,Hero image,/assets/img/treatments/renew/polynucleotides-hero.webp,Local file not found,1200x630
Blog,perimenopause-menopause-skin-impact,/blog/perimenopause-menopause-skin-impact,Hero image,/assets/img/treatments/programmes/menopause.webp,Local file not found,1200x630
Blog,how-pn-thickens-menopause-skin,/blog/how-pn-thickens-menopause-skin,Hero image,/assets/img/treatments/renew/polynucleotides-hero.webp,Local file not found,1200x630
Blog,hrt-myths-debunked,/blog/hrt-myths-debunked,Hero image,/assets/img/treatments/programmes/menopause.webp,Local file not found,1200x630
Blog,layered-regeneration-fillers-biostimulators,/blog/layered-regeneration-fillers-biostimulators,Hero image,/assets/img/treatments/renew/fillers-biostimulators.webp,Local file not found,1200x630
Blog,melasma-hertfordshire-treatments,/blog/melasma-hertfordshire-treatments,Hero image,/assets/img/conditions/melasma-treatment.webp,Local file not found,1200x630
Blog,menopause-skin-glow-up-treatments,/blog/menopause-skin-glow-up-treatments,Hero image,/assets/img/treatments/renew/menopause-glow.webp,Local file not found,1200x630
Blog,menopause-skin-laxity-threads-biostimulators,/blog/menopause-skin-laxity-threads-biostimulators,Hero image,/assets/img/treatments/restore/threads-biostimulators.webp,Local file not found,1200x630
Blog,microneedling-polynucleotides-duo,/blog/microneedling-polynucleotides-duo,Hero image,/assets/img/treatments/renew/microneedling-pn.webp,Local file not found,1200x630
Blog,microneedling-hertford-acne-pigmentation-anti-aging,/blog/microneedling-hertford-acne-pigmentation-anti-aging,Hero image,/assets/img/treatments/renew/microneedling-guide.webp,Local file not found,1200x630
Blog,next-gen-regeneration-polynucleotides-biostimulators-threads,/blog/next-gen-regeneration-polynucleotides-biostimulators-threads,Hero image,/assets/img/treatments/restore/regeneration-science.webp,Local file not found,1200x630
Blog,pdrn-vs-skin-boosters-hertford,/blog/pdrn-vs-skin-boosters-hertford,Hero image,/assets/img/treatments/renew/skinbooster-vs-pn.webp,Local file not found,1200x630
Blog,menopause-pigmentation-regeneration-vs-lasers,/blog/menopause-pigmentation-regeneration-vs-lasers,Hero image,/assets/img/treatments/renew/menopause-pigmentation.webp,Local file not found,1200x630
Blog,pigmentation-vs-melasma-hertfordshire,/blog/pigmentation-vs-melasma-hertfordshire,Hero image,/assets/img/conditions/pigmentation-vs-melasma.webp,Local file not found,1200x630
Blog,pn-vs-skin-boosters-menopause-glow-vs-regeneration,/blog/pn-vs-skin-boosters-menopause-glow-vs-regeneration,Hero image,,Missing image,1200x630
Blog,pn-vs-skin-boosters-best-for-menopausal-skin,/blog/pn-vs-skin-boosters-best-for-menopausal-skin,Hero image,,Missing image,1200x630
Blog,polynucleotides-ware-regenerative-treatment,/blog/polynucleotides-ware-regenerative-treatment,Hero image,,Missing image,1200x630
Blog,polynucleotides-vs-skin-boosters-sg12-guide,/blog/polynucleotides-vs-skin-boosters-sg12-guide,Hero image,,Missing image,1200x630
Blog,profhilo-vs-polynucleotides-hertford-skin-types,/blog/profhilo-vs-polynucleotides-hertford-skin-types,Hero image,,Missing image,1200x630
Blog,regeneration-vs-correction-natural-aesthetic-results,/blog/regeneration-vs-correction-natural-aesthetic-results,Hero image,,Missing image,1200x630
Blog,regenerative-aesthetics-ware-future-natural-anti-aging,/blog/regenerative-aesthetics-ware-future-natural-anti-aging,Hero image,,Missing image,1200x630
Blog,seasonal-skin-regeneration-clinical-guide,/blog/seasonal-skin-regeneration-clinical-guide,Hero image,,Missing image,1200x630
Blog,skin-boosters-vs-polynucleotide-pn-injectables-guide,/blog/skin-boosters-vs-polynucleotide-pn-injectables-guide,Hero image,,Missing image,1200x630
Blog,skin-boosters-ware-full-guide,/blog/skin-boosters-ware-full-guide,Hero image,,Missing image,1200x630
Blog,menopause-jawline-fix-regenerative-contouring,/blog/menopause-jawline-fix-regenerative-contouring,Hero image,,Missing image,1200x630
Blog,glowing-through-perimenopause-chemical-peels-skin-boosters,/blog/glowing-through-perimenopause-chemical-peels-skin-boosters,Hero image,,Missing image,1200x630
Blog,perimenopause-menopause-glow-biostimulants-collagen,/blog/perimenopause-menopause-glow-biostimulants-collagen,Hero image,,Missing image,1200x630
Blog,science-of-nad-plus-womens-energy-after-40,/blog/science-of-nad-plus-womens-energy-after-40,Hero image,,Missing image,1200x630
Blog,pn-skin-boosters-biostimulators-threads-menopause-guide,/blog/pn-skin-boosters-biostimulators-threads-menopause-guide,Hero image,,Missing image,1200x630
Blog,under-eye-regeneration-blueprint-pn-boosters-threads,/blog/under-eye-regeneration-blueprint-pn-boosters-threads,Hero image,,Missing image,1200x630
Blog,thread-lift-vs-dermal-fillers-hertfordshire-guide,/blog/thread-lift-vs-dermal-fillers-hertfordshire-guide,Hero image,,Missing image,1200x630
Blog,under-eye-regeneration-science-repair-dark-circles,/blog/under-eye-regeneration-science-repair-dark-circles,Hero image,,Missing image,1200x630
Blog,what-happens-skin-perimenopause-clinical-guide,/blog/what-happens-skin-perimenopause-clinical-guide,Hero image,,Missing image,1200x630
Blog,skin-booster-menopause-profhilo-vs-definisse-hydrobooster,/blog/skin-booster-menopause-profhilo-vs-definisse-hydrobooster,Hero image,,Missing image,1200x630
Blog,why-hertfordshire-women-ageing-differently,/blog/why-hertfordshire-women-ageing-differently,Hero image,,Missing image,1200x630
Blog,menopause-skin-needs-collagen-strategy-not-filler,/blog/menopause-skin-needs-collagen-strategy-not-filler,Hero image,,Missing image,1200x630
Blog,regenerative-aesthetics-future-midlife-women,/blog/regenerative-aesthetics-future-midlife-women,Hero image,,Missing image,1200x630
Blog,12-week-regenerative-menopause-skin-plan,/blog/12-week-regenerative-menopause-skin-plan,Hero image,,Missing image,1200x630
Blog,glow-isnt-just-skin-deep-wellness-prevention,/blog/glow-isnt-just-skin-deep-wellness-prevention,Hero image,,Missing image,1200x630
Blog,your-skin-at-35-45-55-65-regenerative-timeline,/blog/your-skin-at-35-45-55-65-regenerative-timeline,Hero image,,Missing image,1200x630
Blog,consultation-before-botox-ware,/blog/consultation-before-botox-ware,Hero image,/assets/img/treatments/correct/anti-wrinkle.webp,Local file not found,1200x630
Blog,barrier-repair-before-skin-regeneration,/blog/barrier-repair-before-skin-regeneration,Hero image,/assets/img/treatments/renew/skin-barrier-renewal.webp,Local file not found,1200x630
Blog,how-to-repair-damaged-skin-barrier,/blog/how-to-repair-damaged-skin-barrier,Hero image,/assets/img/treatments/renew/skin-barrier-renewal.webp,Local file not found,1200x630
Blog,medical-skin-consultation-ware,/blog/medical-skin-consultation-ware,Hero image,/assets/img/treatments/renew/skin-consultation.webp,Local file not found,1200x630
Journal,why-treatments-fail-barrier-instability,/journal/why-treatments-fail-barrier-instability,Hero image,/assets/img/journal/why-treatments-fail-barrier-instability.webp,Local file not found,1200x630
Journal,skin-barrier-function,/journal/skin-barrier-function,Hero image,/assets/img/journal/skin-barrier-function.webp,Local file not found,1200x630
Journal,over-exfoliated-skin-repair,/journal/over-exfoliated-skin-repair,Hero image,/assets/img/journal/over-exfoliated-skin-repair.webp,Local file not found,1200x630
Journal,dehydrated-vs-dry-skin,/journal/dehydrated-vs-dry-skin,Hero image,/assets/img/journal/dehydrated-vs-dry-skin.webp,Local file not found,1200x630
Journal,inflammation-driven-pigmentation,/journal/inflammation-driven-pigmentation,Hero image,/assets/img/journal/inflammation-driven-pigmentation.webp,Local file not found,1200x630
Journal,hard-water-skin-barrier,/journal/hard-water-skin-barrier,Hero image,/assets/img/journal/hard-water-skin-barrier.webp,Local file not found,1200x630
Journal,tear-trough-shadowing,/journal/tear-trough-shadowing,Hero image,/assets/img/journal/tear-trough-shadowing.webp,Local file not found,1200x630
Journal,menopause-under-eye-ageing,/journal/menopause-under-eye-ageing,Hero image,/assets/img/journal/menopause-under-eye-ageing.webp,Local file not found,1200x630
Journal,dark-circles-explained,/journal/dark-circles-explained,Hero image,/assets/img/journal/dark-circles-explained.webp,Local file not found,1200x630
Journal,menopause-collagen-loss,/journal/menopause-collagen-loss,Hero image,/assets/img/journal/menopause-collagen-loss.webp,Local file not found,1200x630
Journal,inflammaging-skin-ageing,/journal/inflammaging-skin-ageing,Hero image,/assets/img/journal/inflammaging-skin-ageing.webp,Local file not found,1200x630
Journal,crepey-skin-elasticity-loss,/journal/crepey-skin-elasticity-loss,Hero image,/assets/img/journal/crepey-skin-elasticity-loss.webp,Local file not found,1200x630
Journal,collagen-decline-explained,/journal/collagen-decline-explained,Hero image,/assets/img/journal/collagen-decline-explained.webp,Local file not found,1200x630
Journal,rosacea-triggers-flushing,/journal/rosacea-triggers-flushing,Hero image,/assets/img/journal/rosacea-triggers-flushing.webp,Local file not found,1200x630
Journal,redness-vs-sensitivity,/journal/redness-vs-sensitivity,Hero image,/assets/img/journal/redness-vs-sensitivity.webp,Local file not found,1200x630
Journal,inflammation-driven-pigmentation,/journal/inflammation-driven-pigmentation,Hero image,/assets/img/journal/inflammation-driven-pigmentation.webp,Local file not found,1200x630
Journal,inflammation-pigmentation-uneven-tone,/journal/inflammation-pigmentation-uneven-tone,Hero image,/assets/img/journal/inflammation-pigmentation-uneven-tone.webp,Local file not found,1200x630
Journal,melasma-vs-sun-damage,/journal/melasma-vs-sun-damage,Hero image,/assets/img/journal/melasma-vs-sun-damage.webp,Local file not found,1200x630
Journal,photoaging-explained,/journal/photoaging-explained,Hero image,/assets/img/journal/photoaging-explained.webp,Local file not found,1200x630
Journal,pigmentation-behaviour-dark-spots-return,/journal/pigmentation-behaviour-dark-spots-return,Hero image,/assets/img/journal/pigmentation-behaviour-dark-spots-return.webp,Local file not found,1200x630
Journal,under-eye-ageing-menopause,/journal/under-eye-ageing-menopause,Hero image,/assets/img/journal/under-eye-ageing-menopause.webp,Local file not found,1200x630
Journal,oestrogen-collagen-elasticity,/journal/oestrogen-collagen-elasticity,Hero image,/assets/img/journal/oestrogen-collagen-elasticity.webp,Local file not found,1200x630
Journal,menopause-skin-biology,/journal/menopause-skin-biology,Hero image,/assets/img/journal/menopause-skin-biology.webp,Local file not found,1200x630
Journal,menopause-pigmentation-patterns,/journal/menopause-pigmentation-patterns,Hero image,/assets/img/journal/menopause-pigmentation-patterns.webp,Local file not found,1200x630
Treatment,deep-hydration-facial,/treatments/refresh/signature-facials/deep-hydration-facial,Introduction image,,Missing image,800x500
Treatment,enzyme-therapy,/treatments/refresh/signature-facials/enzyme-therapy,Introduction image,,Missing image,800x500
Treatment,lymphatic-drainage-facial,/treatments/refresh/signature-facials/lymphatic-drainage-facial,Introduction image,,Missing image,800x500
Treatment,biorepeel,/treatments/refresh/skin-resurfacing/biorepeel,Introduction image,,Missing image,800x500
Treatment,chemical-peel,/treatments/refresh/skin-resurfacing/chemical-peel,Introduction image,,Missing image,800x500
Treatment,profhilo,/treatments/renew/skin-boosters/profhilo,Introduction image,/assets/img/treatments/Skin boosters/Profhilo.webp,Local file not found,800x500
Treatment,lemon-bottle,/treatments/renew/skin-boosters/lemon-bottle,Introduction image,/assets/img/treatments/Skin boosters/Lemon bottle.webp,Local file not found,800x500
Treatment,lumi-eyes,/treatments/renew/skin-boosters/lumi-eyes,Introduction image,/assets/img/treatments/Skin boosters/Lumi-eye.webp,Local file not found,800x500
Treatment,post-procedure-recovery-facial,/treatments/restore/oxygen-healing-support/post-procedure-recovery-facial,Introduction image,/assets/img/treatments/oxygenation and healing/Post procedure recovery facial.webp,Local file not found,800x500
Treatment,barrier-repair-facial,/treatments/restore/skin-barrier-repair/barrier-repair-facial,Introduction image,,Missing image,800x500
Treatment,facial-lymphatic-drainage,/treatments/restore/lymphatic-support/facial-lymphatic-drainage,Introduction image,/assets/img/treatments/Lymphatic and decongestive support/Lymphatic and decongestive support.webp,Local file not found,800x500
Treatment,thread-lifts,/treatments/radiate/structural-lifting/thread-lifts,Introduction image,,Missing image,800x500
Treatment,collagen-therapy,/treatments/radiate/structural-lifting/collagen-therapy,Introduction image,/assets/img/treatments/Structural lifting/Collagen therapy.webp,Local file not found,800x500
Treatment,jawline-sculpting,/treatments/radiate/structural-lifting/jawline-sculpting,Introduction image,,Missing image,800x500
Treatment,neck-lower-face-lift,/treatments/radiate/structural-lifting/neck-lower-face-lift,Introduction image,,Missing image,800x500
Condition,eye-area,/conditions/eye-area,Hero image,/assets/img/conditions/eye-area-hero.webp,Local file not found,1200x630
Condition,body-skin-structural,/conditions/body-skin-structural,Hero image,/assets/img/conditions/body-skin-structural-hero.webp,Local file not found,1200x630
Condition,internal-wellness,/conditions/internal-wellness,Hero image,/assets/img/conditions/internal-wellness-hero.webp,Local file not found,1200x630
Individual Condition,volume-loss,/conditions/volume-loss,Hero image,/assets/img/conditions/volume-loss-hero.webp,Local file not found,1200x630
Individual Condition,keratosis-pilaris,/conditions/keratosis-pilaris,Treatment model - Chemical Peel Therapy,,Missing image,600x400
Individual Condition,keratosis-pilaris,/conditions/keratosis-pilaris,Treatment model - Enzyme Renewal Therapy,,Missing image,600x400
Individual Condition,keratosis-pilaris,/conditions/keratosis-pilaris,Treatment model - Advanced Cleansing & Hydration Therapy,,Missing image,600x400
Individual Condition,keratosis-pilaris,/conditions/keratosis-pilaris,Treatment model - LED Light Therapy,,Missing image,600x400
Individual Condition,keratosis-pilaris,/conditions/keratosis-pilaris,Treatment model - Microneedling / Collagen Induction Therapy,,Missing image,600x400
Individual Condition,keratosis-pilaris,/conditions/keratosis-pilaris,Treatment model - Medical-Grade Body Skincare Planning,,Missing image,600x400
Individual Condition,keratosis-pilaris,/conditions/keratosis-pilaris,Treatment model - Barrier Support & Recovery Planning,,Missing image,600x400
Individual Condition,menopause-skin-decline,/conditions/menopause-skin-decline,Treatment model - Radiate,/assets/img/conditions/menopause-skin-decline-hero.webp,Local file not found,600x400
Individual Condition,texture-decline,/conditions/texture-decline,Treatment model - Refresh,/assets/img/conditions/texture-decline-hero.webp,Local file not found,600x400
Individual Condition,texture-decline,/conditions/texture-decline,Treatment model - Renew,/assets/img/conditions/texture-decline-hero.webp,Local file not found,600x400
Individual Condition,texture-decline,/conditions/texture-decline,Treatment model - Restore,/assets/img/conditions/texture-decline-hero.webp,Local file not found,600x400
Individual Condition,texture-decline,/conditions/texture-decline,Treatment model - Radiate,/assets/img/conditions/texture-decline-hero.webp,Local file not found,600x400
Individual Condition,hyperpigmentation,/conditions/hyperpigmentation,Treatment model - Recommended Treatments,/assets/img/conditions/hyperpigmentation-hero.webp,Local file not found,600x400
Individual Condition,melasma,/conditions/melasma,Treatment model - Recommended Treatments,/assets/img/conditions/melasma-hero.webp,Local file not found,600x400
Individual Condition,post-inflammatory-hyperpigmentation,/conditions/post-inflammatory-hyperpigmentation,Treatment model - Recommended Treatments,/assets/img/conditions/pih-hero.webp,Local file not found,600x400
Individual Condition,uneven-skin-tone,/conditions/uneven-skin-tone,Treatment model - Recommended Treatments,/assets/img/conditions/uneven-skin-tone-hero.webp,Local file not found,600x400
Individual Condition,sun-damage-photo-pigmentation,/conditions/sun-damage-photo-pigmentation,Treatment model - Recommended Treatments,/assets/img/conditions/sun-damage-hero.webp,Local file not found,600x400
Individual Condition,fatigue-low-energy,/conditions/fatigue-low-energy,Treatment model - Radiate Wellness,/assets/img/conditions/fatigue-low-energy-hero.webp,Local file not found,600x400
Individual Condition,fatigue-low-energy,/conditions/fatigue-low-energy,Treatment model - Renew,/assets/img/conditions/fatigue-low-energy-hero.webp,Local file not found,600x400
Individual Condition,fatigue-low-energy,/conditions/fatigue-low-energy,Treatment model - Refresh,/assets/img/conditions/fatigue-low-energy-hero.webp,Local file not found,600x400
Individual Condition,fatigue-low-energy,/conditions/fatigue-low-energy,Treatment model - Restore,/assets/img/conditions/fatigue-low-energy-hero.webp,Local file not found,600x400
Individual Condition,low-immunity,/conditions/low-immunity,Treatment model - Radiate Wellness,/assets/img/conditions/low-immunity-hero.webp,Local file not found,600x400
Individual Condition,low-immunity,/conditions/low-immunity,Treatment model - Renew,/assets/img/conditions/low-immunity-hero.webp,Local file not found,600x400
Individual Condition,low-immunity,/conditions/low-immunity,Treatment model - Refresh,/assets/img/conditions/low-immunity-hero.webp,Local file not found,600x400
Individual Condition,low-immunity,/conditions/low-immunity,Treatment model - Restore,/assets/img/conditions/low-immunity-hero.webp,Local file not found,600x400
Individual Condition,nutrient-deficiency-skin,/conditions/nutrient-deficiency-skin,Treatment model - Radiate Wellness,/assets/img/conditions/nutrient-deficiency-skin-hero.webp,Local file not found,600x400
Individual Condition,nutrient-deficiency-skin,/conditions/nutrient-deficiency-skin,Treatment model - Renew,/assets/img/conditions/nutrient-deficiency-skin-hero.webp,Local file not found,600x400
Individual Condition,nutrient-deficiency-skin,/conditions/nutrient-deficiency-skin,Treatment model - Refresh,/assets/img/conditions/nutrient-deficiency-skin-hero.webp,Local file not found,600x400
Individual Condition,nutrient-deficiency-skin,/conditions/nutrient-deficiency-skin,Treatment model - Restore,/assets/img/conditions/nutrient-deficiency-skin-hero.webp,Local file not found,600x400
Individual Condition,slow-metabolism,/conditions/slow-metabolism,Treatment model - Radiate Wellness,/assets/img/conditions/slow-metabolism-hero.webp,Local file not found,600x400
Individual Condition,slow-metabolism,/conditions/slow-metabolism,Treatment model - Renew,/assets/img/conditions/slow-metabolism-hero.webp,Local file not found,600x400
Individual Condition,slow-metabolism,/conditions/slow-metabolism,Treatment model - Refresh,/assets/img/conditions/slow-metabolism-hero.webp,Local file not found,600x400
Individual Condition,slow-metabolism,/conditions/slow-metabolism,Treatment model - Restore,/assets/img/conditions/slow-metabolism-hero.webp,Local file not found,600x400
Individual Condition,stress-inflammation,/conditions/stress-inflammation,Treatment model - Refresh,/assets/img/conditions/stress-inflammation-hero.webp,Local file not found,600x400
Individual Condition,stress-inflammation,/conditions/stress-inflammation,Treatment model - Renew,/assets/img/conditions/stress-inflammation-hero.webp,Local file not found,600x400
Individual Condition,stress-inflammation,/conditions/stress-inflammation,Treatment model - Restore,/assets/img/conditions/stress-inflammation-hero.webp,Local file not found,600x400
Individual Condition,stress-inflammation,/conditions/stress-inflammation,Treatment model - Radiate Wellness,/assets/img/conditions/stress-inflammation-hero.webp,Local file not found,600x400